uf,n_municipios,pt_22,pl_22,pt_26,pl_26,delta_pt,delta_pl
AC,22,29.26,62.5,28.73,64.55,-0.53,2.05
AL,102,56.5,36.05,54.73,40.45,-1.77,4.4
AM,62,49.58,42.8,48.23,45.0,-1.35,2.2
AP,16,45.67,43.42,45.72,45.66,0.04,2.25
BA,417,69.73,24.31,66.17,28.53,-3.55,4.22
CE,184,65.91,25.38,63.29,31.27,-2.62,5.89
DF,1,36.85,51.65,38.11,51.31,1.26,-0.34
ES,78,40.4,52.23,37.76,54.78,-2.64,2.56
GO,246,39.52,52.16,31.06,53.6,-8.46,1.44
MA,217,68.84,26.02,63.99,30.9,-4.85,4.88
MG,853,48.29,43.6,43.33,48.24,-4.96,4.64
MS,79,39.04,52.7,34.68,58.61,-4.36,5.9
MT,141,34.39,59.84,29.19,65.14,-5.2,5.3
PA,144,52.22,40.27,49.91,44.5,-2.31,4.23
PB,223,64.21,29.62,61.31,33.07,-2.9,3.45
PE,185,65.26,29.91,63.45,31.03,-1.81,1.12
PI,224,74.25,19.9,70.99,24.09,-3.26,4.18
PR,399,35.99,55.26,31.2,59.91,-4.79,4.65
RJ,92,40.68,51.09,39.41,53.01,-1.27,1.92
RN,167,62.98,31.02,59.75,34.77,-3.23,3.75
RO,52,28.98,64.36,25.89,67.45,-3.09,3.1
RR,15,23.05,69.57,22.86,71.06,-0.19,1.49
RS,497,42.28,48.89,35.73,55.64,-6.56,6.75
SC,295,29.54,62.21,25.04,66.65,-4.49,4.44
SE,75,63.82,29.16,62.75,30.63,-1.07,1.47
SP,645,40.89,47.71,38.2,51.93,-2.69,4.22
TO,139,50.4,44.0,43.42,50.44,-6.98,6.44
ZZ,58,47.25,41.58,48.33,42.67,1.08,1.09
