# Fontes da secao de escandalos. tier 1=oficial, 2=imprensa de referencia.
id	publisher	title	url	retrieved	kind	tier
congressoemfoco_mensalao	Congresso em Foco	STF rejeita novamente inclusao de Lula no mensalao	https://www.congressoemfoco.com.br/noticia/59918/stf-rejeita-novamente-inclusao-de-lula-no-mensalao	2026-10-07	imprensa	2
stf_464261	STF	STF confirma anulacao das condenacoes de Lula (HC 193726)	https://portal.stf.jus.br/noticias/verNoticiaDetalhe.asp?idConteudo=464261	2026-10-07	oficial	1
agenciabrasil_stf_2021	Agencia Brasil (EBC)	STF mantem anulacao das condenacoes de Lula	https://agenciabrasil.ebc.com.br/justica/noticia/2021-04/stf-mantem-anulacao-das-condenacoes-de-lula	2026-10-07	oficial	1
g1_moro_2021	G1	Plenario do STF reconhece decisao que declarou Moro parcial	https://g1.globo.com/politica/noticia/2021/06/23/plenario-do-stf-reconhece-decisao-da-segunda-turma-que-declarou-moro-parcial-ao-condenar-lula.ghtml	2026-10-07	imprensa	2
stf_468184	STF	Gilmar estende a suspeicao de Moro (HC 164493 / HC 193726)	https://portal.stf.jus.br/noticias/verNoticiaDetalhe.asp?idConteudo=468184&ori=1	2026-10-07	oficial	1
g1_triplex_2022	G1	Justica do DF arquiva caso do triplex do Guaruja	https://g1.globo.com/politica/noticia/2022/01/28/justica-do-df-arquiva-caso-do-triplex-do-guaruja-envolvendo-o-ex-presidente-lula.ghtml	2026-10-07	imprensa	2
conjur_atibaia_2025	ConJur	TRF-1 nega pedido para reabrir acao contra Lula (sitio de Atibaia)	https://www.conjur.com.br/2025-jul-30/trf-1-nega-pedido-para-reabrir-acao-contra-lula-por-sitio-de-atibaia	2026-10-07	imprensa	2
jbr_atibaia_2025	Jornal de Brasilia	TRF-1 rejeita recurso do MPF e mantem encerrada acao do sitio de Atibaia contra Lula	https://jornaldebrasilia.com.br/noticias/politica-e-poder/trf-1-rejeita-recurso-do-mpf-e-mantem-encerrada-acao-do-sitio-de-atibaia-contra-lula/	2026-10-09	imprensa	2
agenciabrasil_petrobras	Agencia Brasil (EBC)	Petrobras teve prejuizo de R$ 21,6 bi; R$ 6,2 bi da Lava Jato	https://agenciabrasil.ebc.com.br/economia/noticia/2015-04/petrobras-teve-prejuizo-de-r-216-bilhoes-no-ano-passado	2026-10-07	oficial	1
ebc_odebrecht	Agencia Brasil (EBC)	Odebrecht fecha acordo de leniencia com EUA e Suica	https://agenciabrasil.ebc.com.br/politica/noticia/2016-12/odebrecht-fecha-acordo-de-leniencia-com-eua-e-suica	2026-10-07	oficial	1
g1_denuncia_flavio_2020	G1	MP-RJ denuncia Flavio Bolsonaro por organizacao criminosa, peculato e lavagem	https://g1.globo.com/rj/rio-de-janeiro/noticia/2020/11/04/ministerio-publico-do-rj-denuncia-flavio-bolsonaro-por-organizacao-criminosa-peculato-e-lavagem-de-dinheiro.ghtml	2026-10-07	imprensa	2
g1_tjrj_2022	G1	TJ-RJ rejeita denuncia contra Flavio Bolsonaro no caso das rachadinhas	https://g1.globo.com/rj/rio-de-janeiro/noticia/2022/05/16/tj-rj-rejeita-denuncia-contra-flavio-bolsonaro-no-caso-das-rachadinhas.ghtml	2026-10-07	imprensa	2
g1_stj_2021	G1	STJ anula todas as decisoes de juiz contra Flavio Bolsonaro nas rachadinhas	https://g1.globo.com/politica/noticia/2021/11/09/stj-anula-todas-as-decisoes-de-juiz-contra-flavio-bolsonaro-nas-rachadinhas.ghtml	2026-10-07	imprensa	2
stf_rifs_flavio	STF	2a Turma anula 4 dos 5 RIFs do Coaf no caso Flavio (HC 201965)	https://portal.stf.jus.br/noticias/verNoticiaDetalhe.asp?idConteudo=477496	2026-10-07	oficial	1
g1_jn_rifs	G1 / Jornal Nacional	STF anula provas no caso das rachadinhas e mantem foro de Flavio	https://g1.globo.com/jornal-nacional/noticia/2021/11/30/stf-mantem-foro-privilegiado-de-flavio-bolsonaro-e-anula-provas-no-caso-das-rachadinhas.ghtml	2026-10-07	imprensa	2
g1_depositos_2019	G1	Queiroz recebeu R$ 2.062.360,52 em 483 depositos de assessores	https://g1.globo.com/rj/rio-de-janeiro/noticia/2019/12/18/queiroz-recebeu-r-2-milhoes-em-483-depositos-de-assessores-ligados-a-flavio-bolsonaro-diz-mp.ghtml	2026-10-07	imprensa	2
g1_coaf_2018	G1	Coaf aponta movimentacao de R$ 1,2 milhao de ex-motorista de Flavio	https://g1.globo.com/rj/rio-de-janeiro/noticia/2018/12/06/coaf-aponta-que-ex-motorista-de-flavio-bolsonaro-movimentou-mais-de-r-12-milhao-em-operacoes-suspeitas.ghtml	2026-10-07	imprensa	2
poder360_gilmar_2025	Poder360	Gilmar nega pedido para reabrir acao contra Flavio por rachadinha	https://www.poder360.com.br/poder-justica/gilmar-nega-pedido-para-reabrir-acao-contra-flavio-por-rachadinha/	2026-10-07	imprensa	2
g1_flavio_2026	G1	Gilmar mantem quebra de sigilos de ex-assessora de Flavio (2026)	https://g1.globo.com/politica/noticia/2026/09/29/gilmar-mantem-quebra-de-sigilos-de-ex-assessora-de-flavio-bolsonaro-em-investigacao-sobre-rachadinha.ghtml	2026-10-07	imprensa	2
poder360_flavio_vorcaro	Poder360	Flavio diz que rompeu com Vorcaro apos acusacoes virem a publico	https://www.poder360.com.br/poder-congresso/flavio-diz-que-rompeu-com-vorcaro-apos-acusacoes-virem-a-publico/	2026-10-09	imprensa	2
g1_master_rioprevidencia	G1	Pedido de Flavio a Vorcaro equivale a 11% do investido pelo RJ no Master	https://g1.globo.com/politica/blog/octavio-guedes/post/2026/05/19/valor-pedido-por-flavio-bolsonaro-a-vorcaro-equivale-a-11percent-do-total-investido-pelo-governo-do-rio-no-banco-master.ghtml	2026-10-09	imprensa	2
folha_dark_horse	Folha de S.Paulo	Quem e quem no caso Dark Horse com Flavio e Vorcaro	https://www1.folha.uol.com.br/poder/2026/05/fundo-dos-eua-emendas-e-banco-master-quem-e-quem-no-caso-das-conversas-de-flavio-e-vorcaro.shtml	2026-10-09	imprensa	2
bcb_master_liquidacao	Banco Central do Brasil	FAQ: Liquidacao Extrajudicial do Banco Master	https://www.bcb.gov.br/estabilidadefinanceira/banco-master-liquidacao	2026-10-09	oficial	1
g1_imoveis_638mil	G1	Flavio pagou R$ 638 mil em dinheiro para 'lavar' compra de imoveis, diz MP	https://g1.globo.com/rj/rio-de-janeiro/noticia/2019/12/19/flavio-bolsonaro-pagou-r-638-mil-em-dinheiro-para-lavar-compra-de-imoveis-diz-mp.ghtml	2026-10-09	imprensa	2
congressoemfoco_imoveis_barra	Congresso em Foco	MP diz que Flavio pagou apartamento com dinheiro de origem desconhecida	https://www.congressoemfoco.com.br/noticia/22707/mp-diz-que-flavio-bolsonaro-pagou-apartamento-com-dinheiro-de-origem-desconhecida	2026-10-09	imprensa	2
agenciabrasil_master_inquiry	Agencia Brasil (EBC)	Mendonca incluiu Flavio Bolsonaro como investigado no caso Dark Horse	https://agenciabrasil.ebc.com.br/justica/noticia/2026-09/mendonca-incluiu-flavio-bolsonaro-como-investigado-no-caso-dark-horse	2026-10-09	imprensa	2
