ano_mes,area_km2,n_alertas,metodo,fonte
2022-01,601.4,1764,soma areamunkm (paginado),INPE/DETER GeoServer WFS deter-amz:deter_amz
2022-02,229.1,662,soma areamunkm (paginado),INPE/DETER GeoServer WFS deter-amz:deter_amz
2022-03,368.3,971,soma areamunkm (paginado),INPE/DETER GeoServer WFS deter-amz:deter_amz
2022-04,1210.0,3037,soma areamunkm (paginado),INPE/DETER GeoServer WFS deter-amz:deter_amz
2022-05,1157.1,3579,soma areamunkm (paginado),INPE/DETER GeoServer WFS deter-amz:deter_amz
2022-06,1554.9,4711,soma areamunkm (paginado),INPE/DETER GeoServer WFS deter-amz:deter_amz
2022-07,4024.6,7740,soma areamunkm (paginado),INPE/DETER GeoServer WFS deter-amz:deter_amz
2022-08,5730.9,9192,soma areamunkm (paginado),INPE/DETER GeoServer WFS deter-amz:deter_amz
2022-09,8223.7,10312,soma areamunkm (paginado),INPE/DETER GeoServer WFS deter-amz:deter_amz
2022-10,4032.6,6687,soma areamunkm (paginado),INPE/DETER GeoServer WFS deter-amz:deter_amz
2022-11,1540.0,4269,soma areamunkm (paginado),INPE/DETER GeoServer WFS deter-amz:deter_amz
2022-12,333.7,1334,soma areamunkm (paginado),INPE/DETER GeoServer WFS deter-amz:deter_amz
2023-01,217.4,640,soma areamunkm (paginado),INPE/DETER GeoServer WFS deter-amz:deter_amz
2023-02,414.7,1215,soma areamunkm (paginado),INPE/DETER GeoServer WFS deter-amz:deter_amz
2023-03,491.7,1382,soma areamunkm (paginado),INPE/DETER GeoServer WFS deter-amz:deter_amz
2023-04,514.2,1388,soma areamunkm (paginado),INPE/DETER GeoServer WFS deter-amz:deter_amz
2023-05,1615.6,2994,soma areamunkm (paginado),INPE/DETER GeoServer WFS deter-amz:deter_amz
2023-06,1282.9,3536,soma areamunkm (paginado),INPE/DETER GeoServer WFS deter-amz:deter_amz
2023-07,1562.2,3716,soma areamunkm (paginado),INPE/DETER GeoServer WFS deter-amz:deter_amz
2023-08,2614.4,4681,soma areamunkm (paginado),INPE/DETER GeoServer WFS deter-amz:deter_amz
2023-09,3464.5,6963,soma areamunkm (paginado),INPE/DETER GeoServer WFS deter-amz:deter_amz
2023-10,4214.0,7328,soma areamunkm (paginado),INPE/DETER GeoServer WFS deter-amz:deter_amz
2023-11,2654.5,4446,soma areamunkm (paginado),INPE/DETER GeoServer WFS deter-amz:deter_amz
2023-12,1960.1,2952,soma areamunkm (paginado),INPE/DETER GeoServer WFS deter-amz:deter_amz
2024-01,510.6,1339,soma areamunkm (paginado),INPE/DETER GeoServer WFS deter-amz:deter_amz
2024-02,3021.2,4212,soma areamunkm (paginado),INPE/DETER GeoServer WFS deter-amz:deter_amz
2024-03,3642.7,3890,soma areamunkm (paginado),INPE/DETER GeoServer WFS deter-amz:deter_amz
2024-04,1687.8,2713,soma areamunkm (paginado),INPE/DETER GeoServer WFS deter-amz:deter_amz
2024-05,2523.8,3479,soma areamunkm (paginado),INPE/DETER GeoServer WFS deter-amz:deter_amz
2024-06,1339.4,4013,soma areamunkm (paginado),INPE/DETER GeoServer WFS deter-amz:deter_amz
2024-07,2939.0,7514,soma areamunkm (paginado),INPE/DETER GeoServer WFS deter-amz:deter_amz
2024-08,5730.4,10129,soma areamunkm (paginado),INPE/DETER GeoServer WFS deter-amz:deter_amz
2024-09,21575.6,21256,soma areamunkm (paginado),INPE/DETER GeoServer WFS deter-amz:deter_amz
2024-10,14914.5,17671,soma areamunkm (paginado),INPE/DETER GeoServer WFS deter-amz:deter_amz
2024-11,3471.2,5027,soma areamunkm (paginado),INPE/DETER GeoServer WFS deter-amz:deter_amz
2024-12,874.1,1588,soma areamunkm (paginado),INPE/DETER GeoServer WFS deter-amz:deter_amz
2025-01,959.4,1421,soma areamunkm (paginado),INPE/DETER GeoServer WFS deter-amz:deter_amz
2025-02,625.4,648,soma areamunkm (paginado),INPE/DETER GeoServer WFS deter-amz:deter_amz
2025-03,357.3,725,soma areamunkm (paginado),INPE/DETER GeoServer WFS deter-amz:deter_amz
2025-04,731.6,1261,soma areamunkm (paginado),INPE/DETER GeoServer WFS deter-amz:deter_amz
2025-05,2396.3,3778,soma areamunkm (paginado),INPE/DETER GeoServer WFS deter-amz:deter_amz
2025-06,1091.7,2493,soma areamunkm (paginado),INPE/DETER GeoServer WFS deter-amz:deter_amz
2025-07,2380.3,3762,soma areamunkm (paginado),INPE/DETER GeoServer WFS deter-amz:deter_amz
2025-08,1371.2,2717,soma areamunkm (paginado),INPE/DETER GeoServer WFS deter-amz:deter_amz
2025-09,1749.2,2791,soma areamunkm (paginado),INPE/DETER GeoServer WFS deter-amz:deter_amz
2025-10,882.2,2001,soma areamunkm (paginado),INPE/DETER GeoServer WFS deter-amz:deter_amz
2025-11,537.3,1463,soma areamunkm (paginado),INPE/DETER GeoServer WFS deter-amz:deter_amz
2025-12,196.5,735,soma areamunkm (paginado),INPE/DETER GeoServer WFS deter-amz:deter_amz
2026-01,281.6,955,soma areamunkm (paginado),INPE/DETER GeoServer WFS deter-amz:deter_amz
2026-02,207.6,458,soma areamunkm (paginado),INPE/DETER GeoServer WFS deter-amz:deter_amz
2026-03,436.2,883,soma areamunkm (paginado),INPE/DETER GeoServer WFS deter-amz:deter_amz
2026-04,724.8,1018,soma areamunkm (paginado),INPE/DETER GeoServer WFS deter-amz:deter_amz
2026-05,796.7,1917,soma areamunkm (paginado),INPE/DETER GeoServer WFS deter-amz:deter_amz
2026-06,562.1,1499,soma areamunkm (paginado),INPE/DETER GeoServer WFS deter-amz:deter_amz
2026-07,1404.0,3295,soma areamunkm (paginado),INPE/DETER GeoServer WFS deter-amz:deter_amz
2026-08,1861.2,3608,soma areamunkm (paginado),INPE/DETER GeoServer WFS deter-amz:deter_amz
2026-09,2300.7,4246,soma areamunkm (paginado),INPE/DETER GeoServer WFS deter-amz:deter_amz
