ano,area_km2,n_poligonos,metodo,fonte
2000,0.0,0,soma area_km main_class=DESMATAMENTO (paginado),INPE/PRODES GeoServer WFS prodes-legal-amz:yearly_deforestation
2001,0.0,0,soma area_km main_class=DESMATAMENTO (paginado),INPE/PRODES GeoServer WFS prodes-legal-amz:yearly_deforestation
2002,0.0,1,soma area_km main_class=DESMATAMENTO (paginado),INPE/PRODES GeoServer WFS prodes-legal-amz:yearly_deforestation
2003,0.0,0,soma area_km main_class=DESMATAMENTO (paginado),INPE/PRODES GeoServer WFS prodes-legal-amz:yearly_deforestation
2004,0.1,2,soma area_km main_class=DESMATAMENTO (paginado),INPE/PRODES GeoServer WFS prodes-legal-amz:yearly_deforestation
2005,0.0,0,soma area_km main_class=DESMATAMENTO (paginado),INPE/PRODES GeoServer WFS prodes-legal-amz:yearly_deforestation
2006,0.0,0,soma area_km main_class=DESMATAMENTO (paginado),INPE/PRODES GeoServer WFS prodes-legal-amz:yearly_deforestation
2007,0.0,0,soma area_km main_class=DESMATAMENTO (paginado),INPE/PRODES GeoServer WFS prodes-legal-amz:yearly_deforestation
2008,13244.3,68127,soma area_km main_class=DESMATAMENTO (paginado),INPE/PRODES GeoServer WFS prodes-legal-amz:yearly_deforestation
2009,6275.9,39420,soma area_km main_class=DESMATAMENTO (paginado),INPE/PRODES GeoServer WFS prodes-legal-amz:yearly_deforestation
2010,6272.0,43049,soma area_km main_class=DESMATAMENTO (paginado),INPE/PRODES GeoServer WFS prodes-legal-amz:yearly_deforestation
2011,5686.0,38462,soma area_km main_class=DESMATAMENTO (paginado),INPE/PRODES GeoServer WFS prodes-legal-amz:yearly_deforestation
2012,4427.2,26311,soma area_km main_class=DESMATAMENTO (paginado),INPE/PRODES GeoServer WFS prodes-legal-amz:yearly_deforestation
2013,5393.3,32514,soma area_km main_class=DESMATAMENTO (paginado),INPE/PRODES GeoServer WFS prodes-legal-amz:yearly_deforestation
2014,5104.3,31812,soma area_km main_class=DESMATAMENTO (paginado),INPE/PRODES GeoServer WFS prodes-legal-amz:yearly_deforestation
2015,6113.6,57058,soma area_km main_class=DESMATAMENTO (paginado),INPE/PRODES GeoServer WFS prodes-legal-amz:yearly_deforestation
2016,7259.0,54502,soma area_km main_class=DESMATAMENTO (paginado),INPE/PRODES GeoServer WFS prodes-legal-amz:yearly_deforestation
2017,7000.2,41125,soma area_km main_class=DESMATAMENTO (paginado),INPE/PRODES GeoServer WFS prodes-legal-amz:yearly_deforestation
2018,7090.1,38453,soma area_km main_class=DESMATAMENTO (paginado),INPE/PRODES GeoServer WFS prodes-legal-amz:yearly_deforestation
2019,10889.3,60486,soma area_km main_class=DESMATAMENTO (paginado),INPE/PRODES GeoServer WFS prodes-legal-amz:yearly_deforestation
2020,10492.6,46237,soma area_km main_class=DESMATAMENTO (paginado),INPE/PRODES GeoServer WFS prodes-legal-amz:yearly_deforestation
2021,12403.4,48083,soma area_km main_class=DESMATAMENTO (paginado),INPE/PRODES GeoServer WFS prodes-legal-amz:yearly_deforestation
2022,12684.5,65729,soma area_km main_class=DESMATAMENTO (paginado),INPE/PRODES GeoServer WFS prodes-legal-amz:yearly_deforestation
2023,8016.1,52368,soma area_km main_class=DESMATAMENTO (paginado),INPE/PRODES GeoServer WFS prodes-legal-amz:yearly_deforestation
2024,6261.6,49649,soma area_km main_class=DESMATAMENTO (paginado),INPE/PRODES GeoServer WFS prodes-legal-amz:yearly_deforestation
2025,5254.7,41889,soma area_km main_class=DESMATAMENTO (paginado),INPE/PRODES GeoServer WFS prodes-legal-amz:yearly_deforestation
2026,0.0,0,soma area_km main_class=DESMATAMENTO (paginado),INPE/PRODES GeoServer WFS prodes-legal-amz:yearly_deforestation
